label,channel_k,min,max,mean,sum
"Case 1 (WS, small tile)",0,-130.865555,251.642609,-0.033456,-548.143433
"Case 1 (WS, small tile)",1,-139.394165,262.702698,0.244436,4004.833252
"Case 1 (WS, small tile)",2,-136.396790,274.064575,0.423230,6934.207520
"Case 1 (WS, small tile)",3,-136.728500,265.420227,0.428735,7024.393555
"Case 1 (WS, small tile)",4,-132.757034,271.143402,0.186533,3056.155029
"Case 1 (WS, small tile)",5,-126.448807,267.325073,0.251837,4126.091309
"Case 1 (WS, small tile)",6,-132.778564,263.720764,0.361985,5930.757324
"Case 1 (WS, small tile)",7,-133.091339,254.754669,-0.686695,-11250.809570
"Case 1 (WS, small tile)",8,-142.798996,260.329590,0.169380,2775.113770
"Case 1 (WS, small tile)",9,-135.409821,265.430969,0.326046,5341.937012
"Case 1 (WS, small tile)",10,-135.260269,258.715546,0.182141,2984.194824
"Case 1 (WS, small tile)",11,-128.920441,259.293579,0.161817,2651.204590
"Case 1 (WS, small tile)",12,-125.934837,256.955505,0.397761,6516.922852
"Case 1 (WS, small tile)",13,-133.251694,261.218506,0.257478,4218.521484
"Case 1 (WS, small tile)",14,-133.505463,255.337570,-0.578862,-9484.070312
"Case 1 (WS, small tile)",15,-136.598450,260.630066,0.023102,378.508972
"Case 1 (WS, small tile)",16,-137.727570,267.245209,0.377633,6187.144531
"Case 1 (WS, small tile)",17,-137.651917,263.555573,0.474350,7771.752930
"Case 1 (WS, small tile)",18,-128.693054,266.131165,0.223526,3662.252686
"Case 1 (WS, small tile)",19,-126.989655,257.718109,0.472528,7741.902344
"Case 1 (WS, small tile)",20,-133.505554,268.734894,0.149220,2444.824463
"Case 1 (WS, small tile)",21,-133.054535,254.079147,0.212638,3483.860352
"Case 1 (WS, small tile)",22,-135.500580,265.191528,-0.107701,-1764.574829
"Case 1 (WS, small tile)",23,-134.076523,266.285248,0.482563,7906.319336
"Case 1 (WS, small tile)",24,-133.994385,262.567200,0.580661,9513.556641
"Case 1 (WS, small tile)",25,-130.069107,260.650238,0.208974,3423.829102
"Case 1 (WS, small tile)",26,-128.533630,265.365112,0.234469,3841.538574
"Case 1 (WS, small tile)",27,-137.051910,267.974854,0.154050,2523.952637
"Case 1 (WS, small tile)",28,-136.339157,256.586609,-0.296233,-4853.475586
"Case 1 (WS, small tile)",29,-134.967590,263.534271,-0.204704,-3353.871582
"Case 1 (WS, small tile)",30,-130.773972,260.376465,0.406051,6652.742676
"Case 1 (WS, small tile)",31,-133.832504,254.462631,0.300559,4924.359375
"Case 1 (WS, small tile)",32,-132.720490,265.235291,0.241088,3949.988281
"Case 1 (WS, small tile)",33,-133.354813,268.857605,0.276113,4523.840820
"Case 1 (WS, small tile)",34,-138.715073,266.296387,0.152585,2499.951416
"Case 1 (WS, small tile)",35,-135.139664,258.720398,-0.282075,-4621.523438
"Case 1 (WS, small tile)",36,-136.539276,264.143005,-0.170702,-2796.776611
"Case 1 (WS, small tile)",37,-125.981621,257.464478,0.239123,3917.792969
"Case 1 (WS, small tile)",38,-131.047302,262.294617,0.421842,6911.463379
"Case 1 (WS, small tile)",39,-134.826965,270.228088,0.461479,7560.875977
"Case 1 (WS, small tile)",40,-134.494873,279.912079,0.291630,4778.066895
"Case 1 (WS, small tile)",41,-133.086929,260.247284,0.265138,4344.020508
"Case 1 (WS, small tile)",42,-133.730774,254.976837,0.302270,4952.385742
"Case 1 (WS, small tile)",43,-132.685074,254.439026,-0.127193,-2083.924561
"Case 1 (WS, small tile)",44,-125.919952,251.787369,0.367090,6014.400879
"Case 1 (WS, small tile)",45,-133.310715,262.721893,0.429469,7036.421875
"Case 1 (WS, small tile)",46,-135.961761,266.312225,0.362980,5947.056152
"Case 1 (WS, small tile)",47,-134.966141,273.703094,0.317197,5196.948242
"Case 1 (WS, small tile)",48,-137.051910,259.129028,0.107011,1753.262451
"Case 1 (WS, small tile)",49,-141.706619,257.060394,-0.240197,-3935.388916
"Case 1 (WS, small tile)",50,-128.410461,250.852890,-0.176433,-2890.676514
"Case 1 (WS, small tile)",51,-126.653084,254.744598,0.224789,3682.944336
"Case 1 (WS, small tile)",52,-135.190323,268.135498,0.482443,7904.353516
"Case 1 (WS, small tile)",53,-132.749298,270.112030,0.083729,1371.820312
"Case 1 (WS, small tile)",54,-134.076843,269.720490,0.323833,5305.676758
"Case 1 (WS, small tile)",55,-135.987396,263.243530,0.225385,3692.715332
"Case 1 (WS, small tile)",56,-134.497559,259.383118,-0.301748,-4943.840820
"Case 1 (WS, small tile)",57,-128.991287,253.963745,-0.081626,-1337.359009
"Case 1 (WS, small tile)",58,-130.653473,256.018463,0.117902,1931.714355
"Case 1 (WS, small tile)",59,-139.651764,269.856415,0.471366,7722.859375
"Case 1 (WS, small tile)",60,-137.651917,265.899689,0.356190,5835.820312
"Case 1 (WS, small tile)",61,-134.494873,275.486389,0.271414,4446.846680
"Case 1 (WS, small tile)",62,-129.151932,258.853577,0.345232,5656.273926
"Case 1 (WS, small tile)",63,-132.926483,264.409607,0.301020,4931.918457
"Case 2 (IS, small tile)",0,-130.865555,251.642609,-0.033456,-548.143433
"Case 2 (IS, small tile)",1,-139.394165,262.702698,0.244436,4004.833252
"Case 2 (IS, small tile)",2,-136.396790,274.064575,0.423230,6934.207520
"Case 2 (IS, small tile)",3,-136.728500,265.420227,0.428735,7024.393555
"Case 2 (IS, small tile)",4,-132.757034,271.143402,0.186533,3056.155029
"Case 2 (IS, small tile)",5,-126.448807,267.325073,0.251837,4126.091309
"Case 2 (IS, small tile)",6,-132.778564,263.720764,0.361985,5930.757324
"Case 2 (IS, small tile)",7,-133.091339,254.754669,-0.686695,-11250.809570
"Case 2 (IS, small tile)",8,-142.798996,260.329590,0.169380,2775.113770
"Case 2 (IS, small tile)",9,-135.409821,265.430969,0.326046,5341.937012
"Case 2 (IS, small tile)",10,-135.260269,258.715546,0.182141,2984.194824
"Case 2 (IS, small tile)",11,-128.920441,259.293579,0.161817,2651.204590
"Case 2 (IS, small tile)",12,-125.934837,256.955505,0.397761,6516.922852
"Case 2 (IS, small tile)",13,-133.251694,261.218506,0.257478,4218.521484
"Case 2 (IS, small tile)",14,-133.505463,255.337570,-0.578862,-9484.070312
"Case 2 (IS, small tile)",15,-136.598450,260.630066,0.023102,378.508972
"Case 2 (IS, small tile)",16,-137.727570,267.245209,0.377633,6187.144531
"Case 2 (IS, small tile)",17,-137.651917,263.555573,0.474350,7771.752930
"Case 2 (IS, small tile)",18,-128.693054,266.131165,0.223526,3662.252686
"Case 2 (IS, small tile)",19,-126.989655,257.718109,0.472528,7741.902344
"Case 2 (IS, small tile)",20,-133.505554,268.734894,0.149220,2444.824463
"Case 2 (IS, small tile)",21,-133.054535,254.079147,0.212638,3483.860352
"Case 2 (IS, small tile)",22,-135.500580,265.191528,-0.107701,-1764.574829
"Case 2 (IS, small tile)",23,-134.076523,266.285248,0.482563,7906.319336
"Case 2 (IS, small tile)",24,-133.994385,262.567200,0.580661,9513.556641
"Case 2 (IS, small tile)",25,-130.069107,260.650238,0.208974,3423.829102
"Case 2 (IS, small tile)",26,-128.533630,265.365112,0.234469,3841.538574
"Case 2 (IS, small tile)",27,-137.051910,267.974854,0.154050,2523.952637
"Case 2 (IS, small tile)",28,-136.339157,256.586609,-0.296233,-4853.475586
"Case 2 (IS, small tile)",29,-134.967590,263.534271,-0.204704,-3353.871582
"Case 2 (IS, small tile)",30,-130.773972,260.376465,0.406051,6652.742676
"Case 2 (IS, small tile)",31,-133.832504,254.462631,0.300559,4924.359375
"Case 2 (IS, small tile)",32,-132.720490,265.235291,0.241088,3949.988281
"Case 2 (IS, small tile)",33,-133.354813,268.857605,0.276113,4523.840820
"Case 2 (IS, small tile)",34,-138.715073,266.296387,0.152585,2499.951416
"Case 2 (IS, small tile)",35,-135.139664,258.720398,-0.282075,-4621.523438
"Case 2 (IS, small tile)",36,-136.539276,264.143005,-0.170702,-2796.776611
"Case 2 (IS, small tile)",37,-125.981621,257.464478,0.239123,3917.792969
"Case 2 (IS, small tile)",38,-131.047302,262.294617,0.421842,6911.463379
"Case 2 (IS, small tile)",39,-134.826965,270.228088,0.461479,7560.875977
"Case 2 (IS, small tile)",40,-134.494873,279.912079,0.291630,4778.066895
"Case 2 (IS, small tile)",41,-133.086929,260.247284,0.265138,4344.020508
"Case 2 (IS, small tile)",42,-133.730774,254.976837,0.302270,4952.385742
"Case 2 (IS, small tile)",43,-132.685074,254.439026,-0.127193,-2083.924561
"Case 2 (IS, small tile)",44,-125.919952,251.787369,0.367090,6014.400879
"Case 2 (IS, small tile)",45,-133.310715,262.721893,0.429469,7036.421875
"Case 2 (IS, small tile)",46,-135.961761,266.312225,0.362980,5947.056152
"Case 2 (IS, small tile)",47,-134.966141,273.703094,0.317197,5196.948242
"Case 2 (IS, small tile)",48,-137.051910,259.129028,0.107011,1753.262451
"Case 2 (IS, small tile)",49,-141.706619,257.060394,-0.240197,-3935.388916
"Case 2 (IS, small tile)",50,-128.410461,250.852890,-0.176433,-2890.676514
"Case 2 (IS, small tile)",51,-126.653084,254.744598,0.224789,3682.944336
"Case 2 (IS, small tile)",52,-135.190323,268.135498,0.482443,7904.353516
"Case 2 (IS, small tile)",53,-132.749298,270.112030,0.083729,1371.820312
"Case 2 (IS, small tile)",54,-134.076843,269.720490,0.323833,5305.676758
"Case 2 (IS, small tile)",55,-135.987396,263.243530,0.225385,3692.715332
"Case 2 (IS, small tile)",56,-134.497559,259.383118,-0.301748,-4943.840820
"Case 2 (IS, small tile)",57,-128.991287,253.963745,-0.081626,-1337.359009
"Case 2 (IS, small tile)",58,-130.653473,256.018463,0.117902,1931.714355
"Case 2 (IS, small tile)",59,-139.651764,269.856415,0.471366,7722.859375
"Case 2 (IS, small tile)",60,-137.651917,265.899689,0.356190,5835.820312
"Case 2 (IS, small tile)",61,-134.494873,275.486389,0.271414,4446.846680
"Case 2 (IS, small tile)",62,-129.151932,258.853577,0.345232,5656.273926
"Case 2 (IS, small tile)",63,-132.926483,264.409607,0.301020,4931.918457
"Case 3 (OS, small tile)",0,-130.865555,251.642609,-0.033456,-548.143433
"Case 3 (OS, small tile)",1,-139.394165,262.702698,0.244436,4004.833252
"Case 3 (OS, small tile)",2,-136.396790,274.064575,0.423230,6934.207520
"Case 3 (OS, small tile)",3,-136.728500,265.420227,0.428735,7024.393555
"Case 3 (OS, small tile)",4,-132.757034,271.143402,0.186533,3056.155029
"Case 3 (OS, small tile)",5,-126.448807,267.325073,0.251837,4126.091309
"Case 3 (OS, small tile)",6,-132.778564,263.720764,0.361985,5930.757324
"Case 3 (OS, small tile)",7,-133.091339,254.754669,-0.686695,-11250.809570
"Case 3 (OS, small tile)",8,-142.798996,260.329590,0.169380,2775.113770
"Case 3 (OS, small tile)",9,-135.409821,265.430969,0.326046,5341.937012
"Case 3 (OS, small tile)",10,-135.260269,258.715546,0.182141,2984.194824
"Case 3 (OS, small tile)",11,-128.920441,259.293579,0.161817,2651.204590
"Case 3 (OS, small tile)",12,-125.934837,256.955505,0.397761,6516.922852
"Case 3 (OS, small tile)",13,-133.251694,261.218506,0.257478,4218.521484
"Case 3 (OS, small tile)",14,-133.505463,255.337570,-0.578862,-9484.070312
"Case 3 (OS, small tile)",15,-136.598450,260.630066,0.023102,378.508972
"Case 3 (OS, small tile)",16,-137.727570,267.245209,0.377633,6187.144531
"Case 3 (OS, small tile)",17,-137.651917,263.555573,0.474350,7771.752930
"Case 3 (OS, small tile)",18,-128.693054,266.131165,0.223526,3662.252686
"Case 3 (OS, small tile)",19,-126.989655,257.718109,0.472528,7741.902344
"Case 3 (OS, small tile)",20,-133.505554,268.734894,0.149220,2444.824463
"Case 3 (OS, small tile)",21,-133.054535,254.079147,0.212638,3483.860352
"Case 3 (OS, small tile)",22,-135.500580,265.191528,-0.107701,-1764.574829
"Case 3 (OS, small tile)",23,-134.076523,266.285248,0.482563,7906.319336
"Case 3 (OS, small tile)",24,-133.994385,262.567200,0.580661,9513.556641
"Case 3 (OS, small tile)",25,-130.069107,260.650238,0.208974,3423.829102
"Case 3 (OS, small tile)",26,-128.533630,265.365112,0.234469,3841.538574
"Case 3 (OS, small tile)",27,-137.051910,267.974854,0.154050,2523.952637
"Case 3 (OS, small tile)",28,-136.339157,256.586609,-0.296233,-4853.475586
"Case 3 (OS, small tile)",29,-134.967590,263.534271,-0.204704,-3353.871582
"Case 3 (OS, small tile)",30,-130.773972,260.376465,0.406051,6652.742676
"Case 3 (OS, small tile)",31,-133.832504,254.462631,0.300559,4924.359375
"Case 3 (OS, small tile)",32,-132.720490,265.235291,0.241088,3949.988281
"Case 3 (OS, small tile)",33,-133.354813,268.857605,0.276113,4523.840820
"Case 3 (OS, small tile)",34,-138.715073,266.296387,0.152585,2499.951416
"Case 3 (OS, small tile)",35,-135.139664,258.720398,-0.282075,-4621.523438
"Case 3 (OS, small tile)",36,-136.539276,264.143005,-0.170702,-2796.776611
"Case 3 (OS, small tile)",37,-125.981621,257.464478,0.239123,3917.792969
"Case 3 (OS, small tile)",38,-131.047302,262.294617,0.421842,6911.463379
"Case 3 (OS, small tile)",39,-134.826965,270.228088,0.461479,7560.875977
"Case 3 (OS, small tile)",40,-134.494873,279.912079,0.291630,4778.066895
"Case 3 (OS, small tile)",41,-133.086929,260.247284,0.265138,4344.020508
"Case 3 (OS, small tile)",42,-133.730774,254.976837,0.302270,4952.385742
"Case 3 (OS, small tile)",43,-132.685074,254.439026,-0.127193,-2083.924561
"Case 3 (OS, small tile)",44,-125.919952,251.787369,0.367090,6014.400879
"Case 3 (OS, small tile)",45,-133.310715,262.721893,0.429469,7036.421875
"Case 3 (OS, small tile)",46,-135.961761,266.312225,0.362980,5947.056152
"Case 3 (OS, small tile)",47,-134.966141,273.703094,0.317197,5196.948242
"Case 3 (OS, small tile)",48,-137.051910,259.129028,0.107011,1753.262451
"Case 3 (OS, small tile)",49,-141.706619,257.060394,-0.240197,-3935.388916
"Case 3 (OS, small tile)",50,-128.410461,250.852890,-0.176433,-2890.676514
"Case 3 (OS, small tile)",51,-126.653084,254.744598,0.224789,3682.944336
"Case 3 (OS, small tile)",52,-135.190323,268.135498,0.482443,7904.353516
"Case 3 (OS, small tile)",53,-132.749298,270.112030,0.083729,1371.820312
"Case 3 (OS, small tile)",54,-134.076843,269.720490,0.323833,5305.676758
"Case 3 (OS, small tile)",55,-135.987396,263.243530,0.225385,3692.715332
"Case 3 (OS, small tile)",56,-134.497559,259.383118,-0.301748,-4943.840820
"Case 3 (OS, small tile)",57,-128.991287,253.963745,-0.081626,-1337.359009
"Case 3 (OS, small tile)",58,-130.653473,256.018463,0.117902,1931.714355
"Case 3 (OS, small tile)",59,-139.651764,269.856415,0.471366,7722.859375
"Case 3 (OS, small tile)",60,-137.651917,265.899689,0.356190,5835.820312
"Case 3 (OS, small tile)",61,-134.494873,275.486389,0.271414,4446.846680
"Case 3 (OS, small tile)",62,-129.151932,258.853577,0.345232,5656.273926
"Case 3 (OS, small tile)",63,-132.926483,264.409607,0.301020,4931.918457
"Case 4 (WS, mid tile)",0,-130.865555,251.642609,-0.033456,-548.143433
"Case 4 (WS, mid tile)",1,-139.394165,262.702698,0.244436,4004.833252
"Case 4 (WS, mid tile)",2,-136.396790,274.064575,0.423230,6934.207520
"Case 4 (WS, mid tile)",3,-136.728500,265.420227,0.428735,7024.393555
"Case 4 (WS, mid tile)",4,-132.757034,271.143402,0.186533,3056.155029
"Case 4 (WS, mid tile)",5,-126.448807,267.325073,0.251837,4126.091309
"Case 4 (WS, mid tile)",6,-132.778564,263.720764,0.361985,5930.757324
"Case 4 (WS, mid tile)",7,-133.091339,254.754669,-0.686695,-11250.809570
"Case 4 (WS, mid tile)",8,-142.798996,260.329590,0.169380,2775.113770
"Case 4 (WS, mid tile)",9,-135.409821,265.430969,0.326046,5341.937012
"Case 4 (WS, mid tile)",10,-135.260269,258.715546,0.182141,2984.194824
"Case 4 (WS, mid tile)",11,-128.920441,259.293579,0.161817,2651.204590
"Case 4 (WS, mid tile)",12,-125.934837,256.955505,0.397761,6516.922852
"Case 4 (WS, mid tile)",13,-133.251694,261.218506,0.257478,4218.521484
"Case 4 (WS, mid tile)",14,-133.505463,255.337570,-0.578862,-9484.070312
"Case 4 (WS, mid tile)",15,-136.598450,260.630066,0.023102,378.508972
"Case 4 (WS, mid tile)",16,-137.727570,267.245209,0.377633,6187.144531
"Case 4 (WS, mid tile)",17,-137.651917,263.555573,0.474350,7771.752930
"Case 4 (WS, mid tile)",18,-128.693054,266.131165,0.223526,3662.252686
"Case 4 (WS, mid tile)",19,-126.989655,257.718109,0.472528,7741.902344
"Case 4 (WS, mid tile)",20,-133.505554,268.734894,0.149220,2444.824463
"Case 4 (WS, mid tile)",21,-133.054535,254.079147,0.212638,3483.860352
"Case 4 (WS, mid tile)",22,-135.500580,265.191528,-0.107701,-1764.574829
"Case 4 (WS, mid tile)",23,-134.076523,266.285248,0.482563,7906.319336
"Case 4 (WS, mid tile)",24,-133.994385,262.567200,0.580661,9513.556641
"Case 4 (WS, mid tile)",25,-130.069107,260.650238,0.208974,3423.829102
"Case 4 (WS, mid tile)",26,-128.533630,265.365112,0.234469,3841.538574
"Case 4 (WS, mid tile)",27,-137.051910,267.974854,0.154050,2523.952637
"Case 4 (WS, mid tile)",28,-136.339157,256.586609,-0.296233,-4853.475586
"Case 4 (WS, mid tile)",29,-134.967590,263.534271,-0.204704,-3353.871582
"Case 4 (WS, mid tile)",30,-130.773972,260.376465,0.406051,6652.742676
"Case 4 (WS, mid tile)",31,-133.832504,254.462631,0.300559,4924.359375
"Case 4 (WS, mid tile)",32,-132.720490,265.235291,0.241088,3949.988281
"Case 4 (WS, mid tile)",33,-133.354813,268.857605,0.276113,4523.840820
"Case 4 (WS, mid tile)",34,-138.715073,266.296387,0.152585,2499.951416
"Case 4 (WS, mid tile)",35,-135.139664,258.720398,-0.282075,-4621.523438
"Case 4 (WS, mid tile)",36,-136.539276,264.143005,-0.170702,-2796.776611
"Case 4 (WS, mid tile)",37,-125.981621,257.464478,0.239123,3917.792969
"Case 4 (WS, mid tile)",38,-131.047302,262.294617,0.421842,6911.463379
"Case 4 (WS, mid tile)",39,-134.826965,270.228088,0.461479,7560.875977
"Case 4 (WS, mid tile)",40,-134.494873,279.912079,0.291630,4778.066895
"Case 4 (WS, mid tile)",41,-133.086929,260.247284,0.265138,4344.020508
"Case 4 (WS, mid tile)",42,-133.730774,254.976837,0.302270,4952.385742
"Case 4 (WS, mid tile)",43,-132.685074,254.439026,-0.127193,-2083.924561
"Case 4 (WS, mid tile)",44,-125.919952,251.787369,0.367090,6014.400879
"Case 4 (WS, mid tile)",45,-133.310715,262.721893,0.429469,7036.421875
"Case 4 (WS, mid tile)",46,-135.961761,266.312225,0.362980,5947.056152
"Case 4 (WS, mid tile)",47,-134.966141,273.703094,0.317197,5196.948242
"Case 4 (WS, mid tile)",48,-137.051910,259.129028,0.107011,1753.262451
"Case 4 (WS, mid tile)",49,-141.706619,257.060394,-0.240197,-3935.388916
"Case 4 (WS, mid tile)",50,-128.410461,250.852890,-0.176433,-2890.676514
"Case 4 (WS, mid tile)",51,-126.653084,254.744598,0.224789,3682.944336
"Case 4 (WS, mid tile)",52,-135.190323,268.135498,0.482443,7904.353516
"Case 4 (WS, mid tile)",53,-132.749298,270.112030,0.083729,1371.820312
"Case 4 (WS, mid tile)",54,-134.076843,269.720490,0.323833,5305.676758
"Case 4 (WS, mid tile)",55,-135.987396,263.243530,0.225385,3692.715332
"Case 4 (WS, mid tile)",56,-134.497559,259.383118,-0.301748,-4943.840820
"Case 4 (WS, mid tile)",57,-128.991287,253.963745,-0.081626,-1337.359009
"Case 4 (WS, mid tile)",58,-130.653473,256.018463,0.117902,1931.714355
"Case 4 (WS, mid tile)",59,-139.651764,269.856415,0.471366,7722.859375
"Case 4 (WS, mid tile)",60,-137.651917,265.899689,0.356190,5835.820312
"Case 4 (WS, mid tile)",61,-134.494873,275.486389,0.271414,4446.846680
"Case 4 (WS, mid tile)",62,-129.151932,258.853577,0.345232,5656.273926
"Case 4 (WS, mid tile)",63,-132.926483,264.409607,0.301020,4931.918457
"Case 5 (IS, mid tile)",0,-130.865555,251.642609,-0.033456,-548.143433
"Case 5 (IS, mid tile)",1,-139.394165,262.702698,0.244436,4004.833252
"Case 5 (IS, mid tile)",2,-136.396790,274.064575,0.423230,6934.207520
"Case 5 (IS, mid tile)",3,-136.728500,265.420227,0.428735,7024.393555
"Case 5 (IS, mid tile)",4,-132.757034,271.143402,0.186533,3056.155029
"Case 5 (IS, mid tile)",5,-126.448807,267.325073,0.251837,4126.091309
"Case 5 (IS, mid tile)",6,-132.778564,263.720764,0.361985,5930.757324
"Case 5 (IS, mid tile)",7,-133.091339,254.754669,-0.686695,-11250.809570
"Case 5 (IS, mid tile)",8,-142.798996,260.329590,0.169380,2775.113770
"Case 5 (IS, mid tile)",9,-135.409821,265.430969,0.326046,5341.937012
"Case 5 (IS, mid tile)",10,-135.260269,258.715546,0.182141,2984.194824
"Case 5 (IS, mid tile)",11,-128.920441,259.293579,0.161817,2651.204590
"Case 5 (IS, mid tile)",12,-125.934837,256.955505,0.397761,6516.922852
"Case 5 (IS, mid tile)",13,-133.251694,261.218506,0.257478,4218.521484
"Case 5 (IS, mid tile)",14,-133.505463,255.337570,-0.578862,-9484.070312
"Case 5 (IS, mid tile)",15,-136.598450,260.630066,0.023102,378.508972
"Case 5 (IS, mid tile)",16,-137.727570,267.245209,0.377633,6187.144531
"Case 5 (IS, mid tile)",17,-137.651917,263.555573,0.474350,7771.752930
"Case 5 (IS, mid tile)",18,-128.693054,266.131165,0.223526,3662.252686
"Case 5 (IS, mid tile)",19,-126.989655,257.718109,0.472528,7741.902344
"Case 5 (IS, mid tile)",20,-133.505554,268.734894,0.149220,2444.824463
"Case 5 (IS, mid tile)",21,-133.054535,254.079147,0.212638,3483.860352
"Case 5 (IS, mid tile)",22,-135.500580,265.191528,-0.107701,-1764.574829
"Case 5 (IS, mid tile)",23,-134.076523,266.285248,0.482563,7906.319336
"Case 5 (IS, mid tile)",24,-133.994385,262.567200,0.580661,9513.556641
"Case 5 (IS, mid tile)",25,-130.069107,260.650238,0.208974,3423.829102
"Case 5 (IS, mid tile)",26,-128.533630,265.365112,0.234469,3841.538574
"Case 5 (IS, mid tile)",27,-137.051910,267.974854,0.154050,2523.952637
"Case 5 (IS, mid tile)",28,-136.339157,256.586609,-0.296233,-4853.475586
"Case 5 (IS, mid tile)",29,-134.967590,263.534271,-0.204704,-3353.871582
"Case 5 (IS, mid tile)",30,-130.773972,260.376465,0.406051,6652.742676
"Case 5 (IS, mid tile)",31,-133.832504,254.462631,0.300559,4924.359375
"Case 5 (IS, mid tile)",32,-132.720490,265.235291,0.241088,3949.988281
"Case 5 (IS, mid tile)",33,-133.354813,268.857605,0.276113,4523.840820
"Case 5 (IS, mid tile)",34,-138.715073,266.296387,0.152585,2499.951416
"Case 5 (IS, mid tile)",35,-135.139664,258.720398,-0.282075,-4621.523438
"Case 5 (IS, mid tile)",36,-136.539276,264.143005,-0.170702,-2796.776611
"Case 5 (IS, mid tile)",37,-125.981621,257.464478,0.239123,3917.792969
"Case 5 (IS, mid tile)",38,-131.047302,262.294617,0.421842,6911.463379
"Case 5 (IS, mid tile)",39,-134.826965,270.228088,0.461479,7560.875977
"Case 5 (IS, mid tile)",40,-134.494873,279.912079,0.291630,4778.066895
"Case 5 (IS, mid tile)",41,-133.086929,260.247284,0.265138,4344.020508
"Case 5 (IS, mid tile)",42,-133.730774,254.976837,0.302270,4952.385742
"Case 5 (IS, mid tile)",43,-132.685074,254.439026,-0.127193,-2083.924561
"Case 5 (IS, mid tile)",44,-125.919952,251.787369,0.367090,6014.400879
"Case 5 (IS, mid tile)",45,-133.310715,262.721893,0.429469,7036.421875
"Case 5 (IS, mid tile)",46,-135.961761,266.312225,0.362980,5947.056152
"Case 5 (IS, mid tile)",47,-134.966141,273.703094,0.317197,5196.948242
"Case 5 (IS, mid tile)",48,-137.051910,259.129028,0.107011,1753.262451
"Case 5 (IS, mid tile)",49,-141.706619,257.060394,-0.240197,-3935.388916
"Case 5 (IS, mid tile)",50,-128.410461,250.852890,-0.176433,-2890.676514
"Case 5 (IS, mid tile)",51,-126.653084,254.744598,0.224789,3682.944336
"Case 5 (IS, mid tile)",52,-135.190323,268.135498,0.482443,7904.353516
"Case 5 (IS, mid tile)",53,-132.749298,270.112030,0.083729,1371.820312
"Case 5 (IS, mid tile)",54,-134.076843,269.720490,0.323833,5305.676758
"Case 5 (IS, mid tile)",55,-135.987396,263.243530,0.225385,3692.715332
"Case 5 (IS, mid tile)",56,-134.497559,259.383118,-0.301748,-4943.840820
"Case 5 (IS, mid tile)",57,-128.991287,253.963745,-0.081626,-1337.359009
"Case 5 (IS, mid tile)",58,-130.653473,256.018463,0.117902,1931.714355
"Case 5 (IS, mid tile)",59,-139.651764,269.856415,0.471366,7722.859375
"Case 5 (IS, mid tile)",60,-137.651917,265.899689,0.356190,5835.820312
"Case 5 (IS, mid tile)",61,-134.494873,275.486389,0.271414,4446.846680
"Case 5 (IS, mid tile)",62,-129.151932,258.853577,0.345232,5656.273926
"Case 5 (IS, mid tile)",63,-132.926483,264.409607,0.301020,4931.918457
"Case 6 (OS, mid tile)",0,-130.865555,251.642609,-0.033456,-548.143433
"Case 6 (OS, mid tile)",1,-139.394165,262.702698,0.244436,4004.833252
"Case 6 (OS, mid tile)",2,-136.396790,274.064575,0.423230,6934.207520
"Case 6 (OS, mid tile)",3,-136.728500,265.420227,0.428735,7024.393555
"Case 6 (OS, mid tile)",4,-132.757034,271.143402,0.186533,3056.155029
"Case 6 (OS, mid tile)",5,-126.448807,267.325073,0.251837,4126.091309
"Case 6 (OS, mid tile)",6,-132.778564,263.720764,0.361985,5930.757324
"Case 6 (OS, mid tile)",7,-133.091339,254.754669,-0.686695,-11250.809570
"Case 6 (OS, mid tile)",8,-142.798996,260.329590,0.169380,2775.113770
"Case 6 (OS, mid tile)",9,-135.409821,265.430969,0.326046,5341.937012
"Case 6 (OS, mid tile)",10,-135.260269,258.715546,0.182141,2984.194824
"Case 6 (OS, mid tile)",11,-128.920441,259.293579,0.161817,2651.204590
"Case 6 (OS, mid tile)",12,-125.934837,256.955505,0.397761,6516.922852
"Case 6 (OS, mid tile)",13,-133.251694,261.218506,0.257478,4218.521484
"Case 6 (OS, mid tile)",14,-133.505463,255.337570,-0.578862,-9484.070312
"Case 6 (OS, mid tile)",15,-136.598450,260.630066,0.023102,378.508972
"Case 6 (OS, mid tile)",16,-137.727570,267.245209,0.377633,6187.144531
"Case 6 (OS, mid tile)",17,-137.651917,263.555573,0.474350,7771.752930
"Case 6 (OS, mid tile)",18,-128.693054,266.131165,0.223526,3662.252686
"Case 6 (OS, mid tile)",19,-126.989655,257.718109,0.472528,7741.902344
"Case 6 (OS, mid tile)",20,-133.505554,268.734894,0.149220,2444.824463
"Case 6 (OS, mid tile)",21,-133.054535,254.079147,0.212638,3483.860352
"Case 6 (OS, mid tile)",22,-135.500580,265.191528,-0.107701,-1764.574829
"Case 6 (OS, mid tile)",23,-134.076523,266.285248,0.482563,7906.319336
"Case 6 (OS, mid tile)",24,-133.994385,262.567200,0.580661,9513.556641
"Case 6 (OS, mid tile)",25,-130.069107,260.650238,0.208974,3423.829102
"Case 6 (OS, mid tile)",26,-128.533630,265.365112,0.234469,3841.538574
"Case 6 (OS, mid tile)",27,-137.051910,267.974854,0.154050,2523.952637
"Case 6 (OS, mid tile)",28,-136.339157,256.586609,-0.296233,-4853.475586
"Case 6 (OS, mid tile)",29,-134.967590,263.534271,-0.204704,-3353.871582
"Case 6 (OS, mid tile)",30,-130.773972,260.376465,0.406051,6652.742676
"Case 6 (OS, mid tile)",31,-133.832504,254.462631,0.300559,4924.359375
"Case 6 (OS, mid tile)",32,-132.720490,265.235291,0.241088,3949.988281
"Case 6 (OS, mid tile)",33,-133.354813,268.857605,0.276113,4523.840820
"Case 6 (OS, mid tile)",34,-138.715073,266.296387,0.152585,2499.951416
"Case 6 (OS, mid tile)",35,-135.139664,258.720398,-0.282075,-4621.523438
"Case 6 (OS, mid tile)",36,-136.539276,264.143005,-0.170702,-2796.776611
"Case 6 (OS, mid tile)",37,-125.981621,257.464478,0.239123,3917.792969
"Case 6 (OS, mid tile)",38,-131.047302,262.294617,0.421842,6911.463379
"Case 6 (OS, mid tile)",39,-134.826965,270.228088,0.461479,7560.875977
"Case 6 (OS, mid tile)",40,-134.494873,279.912079,0.291630,4778.066895
"Case 6 (OS, mid tile)",41,-133.086929,260.247284,0.265138,4344.020508
"Case 6 (OS, mid tile)",42,-133.730774,254.976837,0.302270,4952.385742
"Case 6 (OS, mid tile)",43,-132.685074,254.439026,-0.127193,-2083.924561
"Case 6 (OS, mid tile)",44,-125.919952,251.787369,0.367090,6014.400879
"Case 6 (OS, mid tile)",45,-133.310715,262.721893,0.429469,7036.421875
"Case 6 (OS, mid tile)",46,-135.961761,266.312225,0.362980,5947.056152
"Case 6 (OS, mid tile)",47,-134.966141,273.703094,0.317197,5196.948242
"Case 6 (OS, mid tile)",48,-137.051910,259.129028,0.107011,1753.262451
"Case 6 (OS, mid tile)",49,-141.706619,257.060394,-0.240197,-3935.388916
"Case 6 (OS, mid tile)",50,-128.410461,250.852890,-0.176433,-2890.676514
"Case 6 (OS, mid tile)",51,-126.653084,254.744598,0.224789,3682.944336
"Case 6 (OS, mid tile)",52,-135.190323,268.135498,0.482443,7904.353516
"Case 6 (OS, mid tile)",53,-132.749298,270.112030,0.083729,1371.820312
"Case 6 (OS, mid tile)",54,-134.076843,269.720490,0.323833,5305.676758
"Case 6 (OS, mid tile)",55,-135.987396,263.243530,0.225385,3692.715332
"Case 6 (OS, mid tile)",56,-134.497559,259.383118,-0.301748,-4943.840820
"Case 6 (OS, mid tile)",57,-128.991287,253.963745,-0.081626,-1337.359009
"Case 6 (OS, mid tile)",58,-130.653473,256.018463,0.117902,1931.714355
"Case 6 (OS, mid tile)",59,-139.651764,269.856415,0.471366,7722.859375
"Case 6 (OS, mid tile)",60,-137.651917,265.899689,0.356190,5835.820312
"Case 6 (OS, mid tile)",61,-134.494873,275.486389,0.271414,4446.846680
"Case 6 (OS, mid tile)",62,-129.151932,258.853577,0.345232,5656.273926
"Case 6 (OS, mid tile)",63,-132.926483,264.409607,0.301020,4931.918457
"Case 7 (WS, big tile)",0,-130.865555,251.642609,-0.033456,-548.143433
"Case 7 (WS, big tile)",1,-139.394165,262.702698,0.244436,4004.833252
"Case 7 (WS, big tile)",2,-136.396790,274.064575,0.423230,6934.207520
"Case 7 (WS, big tile)",3,-136.728500,265.420227,0.428735,7024.393555
"Case 7 (WS, big tile)",4,-132.757034,271.143402,0.186533,3056.155029
"Case 7 (WS, big tile)",5,-126.448807,267.325073,0.251837,4126.091309
"Case 7 (WS, big tile)",6,-132.778564,263.720764,0.361985,5930.757324
"Case 7 (WS, big tile)",7,-133.091339,254.754669,-0.686695,-11250.809570
"Case 7 (WS, big tile)",8,-142.798996,260.329590,0.169380,2775.113770
"Case 7 (WS, big tile)",9,-135.409821,265.430969,0.326046,5341.937012
"Case 7 (WS, big tile)",10,-135.260269,258.715546,0.182141,2984.194824
"Case 7 (WS, big tile)",11,-128.920441,259.293579,0.161817,2651.204590
"Case 7 (WS, big tile)",12,-125.934837,256.955505,0.397761,6516.922852
"Case 7 (WS, big tile)",13,-133.251694,261.218506,0.257478,4218.521484
"Case 7 (WS, big tile)",14,-133.505463,255.337570,-0.578862,-9484.070312
"Case 7 (WS, big tile)",15,-136.598450,260.630066,0.023102,378.508972
"Case 7 (WS, big tile)",16,-137.727570,267.245209,0.377633,6187.144531
"Case 7 (WS, big tile)",17,-137.651917,263.555573,0.474350,7771.752930
"Case 7 (WS, big tile)",18,-128.693054,266.131165,0.223526,3662.252686
"Case 7 (WS, big tile)",19,-126.989655,257.718109,0.472528,7741.902344
"Case 7 (WS, big tile)",20,-133.505554,268.734894,0.149220,2444.824463
"Case 7 (WS, big tile)",21,-133.054535,254.079147,0.212638,3483.860352
"Case 7 (WS, big tile)",22,-135.500580,265.191528,-0.107701,-1764.574829
"Case 7 (WS, big tile)",23,-134.076523,266.285248,0.482563,7906.319336
"Case 7 (WS, big tile)",24,-133.994385,262.567200,0.580661,9513.556641
"Case 7 (WS, big tile)",25,-130.069107,260.650238,0.208974,3423.829102
"Case 7 (WS, big tile)",26,-128.533630,265.365112,0.234469,3841.538574
"Case 7 (WS, big tile)",27,-137.051910,267.974854,0.154050,2523.952637
"Case 7 (WS, big tile)",28,-136.339157,256.586609,-0.296233,-4853.475586
"Case 7 (WS, big tile)",29,-134.967590,263.534271,-0.204704,-3353.871582
"Case 7 (WS, big tile)",30,-130.773972,260.376465,0.406051,6652.742676
"Case 7 (WS, big tile)",31,-133.832504,254.462631,0.300559,4924.359375
"Case 7 (WS, big tile)",32,-132.720490,265.235291,0.241088,3949.988281
"Case 7 (WS, big tile)",33,-133.354813,268.857605,0.276113,4523.840820
"Case 7 (WS, big tile)",34,-138.715073,266.296387,0.152585,2499.951416
"Case 7 (WS, big tile)",35,-135.139664,258.720398,-0.282075,-4621.523438
"Case 7 (WS, big tile)",36,-136.539276,264.143005,-0.170702,-2796.776611
"Case 7 (WS, big tile)",37,-125.981621,257.464478,0.239123,3917.792969
"Case 7 (WS, big tile)",38,-131.047302,262.294617,0.421842,6911.463379
"Case 7 (WS, big tile)",39,-134.826965,270.228088,0.461479,7560.875977
"Case 7 (WS, big tile)",40,-134.494873,279.912079,0.291630,4778.066895
"Case 7 (WS, big tile)",41,-133.086929,260.247284,0.265138,4344.020508
"Case 7 (WS, big tile)",42,-133.730774,254.976837,0.302270,4952.385742
"Case 7 (WS, big tile)",43,-132.685074,254.439026,-0.127193,-2083.924561
"Case 7 (WS, big tile)",44,-125.919952,251.787369,0.367090,6014.400879
"Case 7 (WS, big tile)",45,-133.310715,262.721893,0.429469,7036.421875
"Case 7 (WS, big tile)",46,-135.961761,266.312225,0.362980,5947.056152
"Case 7 (WS, big tile)",47,-134.966141,273.703094,0.317197,5196.948242
"Case 7 (WS, big tile)",48,-137.051910,259.129028,0.107011,1753.262451
"Case 7 (WS, big tile)",49,-141.706619,257.060394,-0.240197,-3935.388916
"Case 7 (WS, big tile)",50,-128.410461,250.852890,-0.176433,-2890.676514
"Case 7 (WS, big tile)",51,-126.653084,254.744598,0.224789,3682.944336
"Case 7 (WS, big tile)",52,-135.190323,268.135498,0.482443,7904.353516
"Case 7 (WS, big tile)",53,-132.749298,270.112030,0.083729,1371.820312
"Case 7 (WS, big tile)",54,-134.076843,269.720490,0.323833,5305.676758
"Case 7 (WS, big tile)",55,-135.987396,263.243530,0.225385,3692.715332
"Case 7 (WS, big tile)",56,-134.497559,259.383118,-0.301748,-4943.840820
"Case 7 (WS, big tile)",57,-128.991287,253.963745,-0.081626,-1337.359009
"Case 7 (WS, big tile)",58,-130.653473,256.018463,0.117902,1931.714355
"Case 7 (WS, big tile)",59,-139.651764,269.856415,0.471366,7722.859375
"Case 7 (WS, big tile)",60,-137.651917,265.899689,0.356190,5835.820312
"Case 7 (WS, big tile)",61,-134.494873,275.486389,0.271414,4446.846680
"Case 7 (WS, big tile)",62,-129.151932,258.853577,0.345232,5656.273926
"Case 7 (WS, big tile)",63,-132.926483,264.409607,0.301020,4931.918457
"Case 8 (IS, big tile)",0,-130.865555,251.642609,-0.033456,-548.143433
"Case 8 (IS, big tile)",1,-139.394165,262.702698,0.244436,4004.833252
"Case 8 (IS, big tile)",2,-136.396790,274.064575,0.423230,6934.207520
"Case 8 (IS, big tile)",3,-136.728500,265.420227,0.428735,7024.393555
"Case 8 (IS, big tile)",4,-132.757034,271.143402,0.186533,3056.155029
"Case 8 (IS, big tile)",5,-126.448807,267.325073,0.251837,4126.091309
"Case 8 (IS, big tile)",6,-132.778564,263.720764,0.361985,5930.757324
"Case 8 (IS, big tile)",7,-133.091339,254.754669,-0.686695,-11250.809570
"Case 8 (IS, big tile)",8,-142.798996,260.329590,0.169380,2775.113770
"Case 8 (IS, big tile)",9,-135.409821,265.430969,0.326046,5341.937012
"Case 8 (IS, big tile)",10,-135.260269,258.715546,0.182141,2984.194824
"Case 8 (IS, big tile)",11,-128.920441,259.293579,0.161817,2651.204590
"Case 8 (IS, big tile)",12,-125.934837,256.955505,0.397761,6516.922852
"Case 8 (IS, big tile)",13,-133.251694,261.218506,0.257478,4218.521484
"Case 8 (IS, big tile)",14,-133.505463,255.337570,-0.578862,-9484.070312
"Case 8 (IS, big tile)",15,-136.598450,260.630066,0.023102,378.508972
"Case 8 (IS, big tile)",16,-137.727570,267.245209,0.377633,6187.144531
"Case 8 (IS, big tile)",17,-137.651917,263.555573,0.474350,7771.752930
"Case 8 (IS, big tile)",18,-128.693054,266.131165,0.223526,3662.252686
"Case 8 (IS, big tile)",19,-126.989655,257.718109,0.472528,7741.902344
"Case 8 (IS, big tile)",20,-133.505554,268.734894,0.149220,2444.824463
"Case 8 (IS, big tile)",21,-133.054535,254.079147,0.212638,3483.860352
"Case 8 (IS, big tile)",22,-135.500580,265.191528,-0.107701,-1764.574829
"Case 8 (IS, big tile)",23,-134.076523,266.285248,0.482563,7906.319336
"Case 8 (IS, big tile)",24,-133.994385,262.567200,0.580661,9513.556641
"Case 8 (IS, big tile)",25,-130.069107,260.650238,0.208974,3423.829102
"Case 8 (IS, big tile)",26,-128.533630,265.365112,0.234469,3841.538574
"Case 8 (IS, big tile)",27,-137.051910,267.974854,0.154050,2523.952637
"Case 8 (IS, big tile)",28,-136.339157,256.586609,-0.296233,-4853.475586
"Case 8 (IS, big tile)",29,-134.967590,263.534271,-0.204704,-3353.871582
"Case 8 (IS, big tile)",30,-130.773972,260.376465,0.406051,6652.742676
"Case 8 (IS, big tile)",31,-133.832504,254.462631,0.300559,4924.359375
"Case 8 (IS, big tile)",32,-132.720490,265.235291,0.241088,3949.988281
"Case 8 (IS, big tile)",33,-133.354813,268.857605,0.276113,4523.840820
"Case 8 (IS, big tile)",34,-138.715073,266.296387,0.152585,2499.951416
"Case 8 (IS, big tile)",35,-135.139664,258.720398,-0.282075,-4621.523438
"Case 8 (IS, big tile)",36,-136.539276,264.143005,-0.170702,-2796.776611
"Case 8 (IS, big tile)",37,-125.981621,257.464478,0.239123,3917.792969
"Case 8 (IS, big tile)",38,-131.047302,262.294617,0.421842,6911.463379
"Case 8 (IS, big tile)",39,-134.826965,270.228088,0.461479,7560.875977
"Case 8 (IS, big tile)",40,-134.494873,279.912079,0.291630,4778.066895
"Case 8 (IS, big tile)",41,-133.086929,260.247284,0.265138,4344.020508
"Case 8 (IS, big tile)",42,-133.730774,254.976837,0.302270,4952.385742
"Case 8 (IS, big tile)",43,-132.685074,254.439026,-0.127193,-2083.924561
"Case 8 (IS, big tile)",44,-125.919952,251.787369,0.367090,6014.400879
"Case 8 (IS, big tile)",45,-133.310715,262.721893,0.429469,7036.421875
"Case 8 (IS, big tile)",46,-135.961761,266.312225,0.362980,5947.056152
"Case 8 (IS, big tile)",47,-134.966141,273.703094,0.317197,5196.948242
"Case 8 (IS, big tile)",48,-137.051910,259.129028,0.107011,1753.262451
"Case 8 (IS, big tile)",49,-141.706619,257.060394,-0.240197,-3935.388916
"Case 8 (IS, big tile)",50,-128.410461,250.852890,-0.176433,-2890.676514
"Case 8 (IS, big tile)",51,-126.653084,254.744598,0.224789,3682.944336
"Case 8 (IS, big tile)",52,-135.190323,268.135498,0.482443,7904.353516
"Case 8 (IS, big tile)",53,-132.749298,270.112030,0.083729,1371.820312
"Case 8 (IS, big tile)",54,-134.076843,269.720490,0.323833,5305.676758
"Case 8 (IS, big tile)",55,-135.987396,263.243530,0.225385,3692.715332
"Case 8 (IS, big tile)",56,-134.497559,259.383118,-0.301748,-4943.840820
"Case 8 (IS, big tile)",57,-128.991287,253.963745,-0.081626,-1337.359009
"Case 8 (IS, big tile)",58,-130.653473,256.018463,0.117902,1931.714355
"Case 8 (IS, big tile)",59,-139.651764,269.856415,0.471366,7722.859375
"Case 8 (IS, big tile)",60,-137.651917,265.899689,0.356190,5835.820312
"Case 8 (IS, big tile)",61,-134.494873,275.486389,0.271414,4446.846680
"Case 8 (IS, big tile)",62,-129.151932,258.853577,0.345232,5656.273926
"Case 8 (IS, big tile)",63,-132.926483,264.409607,0.301020,4931.918457
"Case 9 (OS, big tile)",0,-130.865555,251.642609,-0.033456,-548.143433
"Case 9 (OS, big tile)",1,-139.394165,262.702698,0.244436,4004.833252
"Case 9 (OS, big tile)",2,-136.396790,274.064575,0.423230,6934.207520
"Case 9 (OS, big tile)",3,-136.728500,265.420227,0.428735,7024.393555
"Case 9 (OS, big tile)",4,-132.757034,271.143402,0.186533,3056.155029
"Case 9 (OS, big tile)",5,-126.448807,267.325073,0.251837,4126.091309
"Case 9 (OS, big tile)",6,-132.778564,263.720764,0.361985,5930.757324
"Case 9 (OS, big tile)",7,-133.091339,254.754669,-0.686695,-11250.809570
"Case 9 (OS, big tile)",8,-142.798996,260.329590,0.169380,2775.113770
"Case 9 (OS, big tile)",9,-135.409821,265.430969,0.326046,5341.937012
"Case 9 (OS, big tile)",10,-135.260269,258.715546,0.182141,2984.194824
"Case 9 (OS, big tile)",11,-128.920441,259.293579,0.161817,2651.204590
"Case 9 (OS, big tile)",12,-125.934837,256.955505,0.397761,6516.922852
"Case 9 (OS, big tile)",13,-133.251694,261.218506,0.257478,4218.521484
"Case 9 (OS, big tile)",14,-133.505463,255.337570,-0.578862,-9484.070312
"Case 9 (OS, big tile)",15,-136.598450,260.630066,0.023102,378.508972
"Case 9 (OS, big tile)",16,-137.727570,267.245209,0.377633,6187.144531
"Case 9 (OS, big tile)",17,-137.651917,263.555573,0.474350,7771.752930
"Case 9 (OS, big tile)",18,-128.693054,266.131165,0.223526,3662.252686
"Case 9 (OS, big tile)",19,-126.989655,257.718109,0.472528,7741.902344
"Case 9 (OS, big tile)",20,-133.505554,268.734894,0.149220,2444.824463
"Case 9 (OS, big tile)",21,-133.054535,254.079147,0.212638,3483.860352
"Case 9 (OS, big tile)",22,-135.500580,265.191528,-0.107701,-1764.574829
"Case 9 (OS, big tile)",23,-134.076523,266.285248,0.482563,7906.319336
"Case 9 (OS, big tile)",24,-133.994385,262.567200,0.580661,9513.556641
"Case 9 (OS, big tile)",25,-130.069107,260.650238,0.208974,3423.829102
"Case 9 (OS, big tile)",26,-128.533630,265.365112,0.234469,3841.538574
"Case 9 (OS, big tile)",27,-137.051910,267.974854,0.154050,2523.952637
"Case 9 (OS, big tile)",28,-136.339157,256.586609,-0.296233,-4853.475586
"Case 9 (OS, big tile)",29,-134.967590,263.534271,-0.204704,-3353.871582
"Case 9 (OS, big tile)",30,-130.773972,260.376465,0.406051,6652.742676
"Case 9 (OS, big tile)",31,-133.832504,254.462631,0.300559,4924.359375
"Case 9 (OS, big tile)",32,-132.720490,265.235291,0.241088,3949.988281
"Case 9 (OS, big tile)",33,-133.354813,268.857605,0.276113,4523.840820
"Case 9 (OS, big tile)",34,-138.715073,266.296387,0.152585,2499.951416
"Case 9 (OS, big tile)",35,-135.139664,258.720398,-0.282075,-4621.523438
"Case 9 (OS, big tile)",36,-136.539276,264.143005,-0.170702,-2796.776611
"Case 9 (OS, big tile)",37,-125.981621,257.464478,0.239123,3917.792969
"Case 9 (OS, big tile)",38,-131.047302,262.294617,0.421842,6911.463379
"Case 9 (OS, big tile)",39,-134.826965,270.228088,0.461479,7560.875977
"Case 9 (OS, big tile)",40,-134.494873,279.912079,0.291630,4778.066895
"Case 9 (OS, big tile)",41,-133.086929,260.247284,0.265138,4344.020508
"Case 9 (OS, big tile)",42,-133.730774,254.976837,0.302270,4952.385742
"Case 9 (OS, big tile)",43,-132.685074,254.439026,-0.127193,-2083.924561
"Case 9 (OS, big tile)",44,-125.919952,251.787369,0.367090,6014.400879
"Case 9 (OS, big tile)",45,-133.310715,262.721893,0.429469,7036.421875
"Case 9 (OS, big tile)",46,-135.961761,266.312225,0.362980,5947.056152
"Case 9 (OS, big tile)",47,-134.966141,273.703094,0.317197,5196.948242
"Case 9 (OS, big tile)",48,-137.051910,259.129028,0.107011,1753.262451
"Case 9 (OS, big tile)",49,-141.706619,257.060394,-0.240197,-3935.388916
"Case 9 (OS, big tile)",50,-128.410461,250.852890,-0.176433,-2890.676514
"Case 9 (OS, big tile)",51,-126.653084,254.744598,0.224789,3682.944336
"Case 9 (OS, big tile)",52,-135.190323,268.135498,0.482443,7904.353516
"Case 9 (OS, big tile)",53,-132.749298,270.112030,0.083729,1371.820312
"Case 9 (OS, big tile)",54,-134.076843,269.720490,0.323833,5305.676758
"Case 9 (OS, big tile)",55,-135.987396,263.243530,0.225385,3692.715332
"Case 9 (OS, big tile)",56,-134.497559,259.383118,-0.301748,-4943.840820
"Case 9 (OS, big tile)",57,-128.991287,253.963745,-0.081626,-1337.359009
"Case 9 (OS, big tile)",58,-130.653473,256.018463,0.117902,1931.714355
"Case 9 (OS, big tile)",59,-139.651764,269.856415,0.471366,7722.859375
"Case 9 (OS, big tile)",60,-137.651917,265.899689,0.356190,5835.820312
"Case 9 (OS, big tile)",61,-134.494873,275.486389,0.271414,4446.846680
"Case 9 (OS, big tile)",62,-129.151932,258.853577,0.345232,5656.273926
"Case 9 (OS, big tile)",63,-132.926483,264.409607,0.301020,4931.918457
"Case 10 (WS, spatial focus)",0,-130.865555,251.642609,-0.033456,-548.143433
"Case 10 (WS, spatial focus)",1,-139.394165,262.702698,0.244436,4004.833252
"Case 10 (WS, spatial focus)",2,-136.396790,274.064575,0.423230,6934.207520
"Case 10 (WS, spatial focus)",3,-136.728500,265.420227,0.428735,7024.393555
"Case 10 (WS, spatial focus)",4,-132.757034,271.143402,0.186533,3056.155029
"Case 10 (WS, spatial focus)",5,-126.448807,267.325073,0.251837,4126.091309
"Case 10 (WS, spatial focus)",6,-132.778564,263.720764,0.361985,5930.757324
"Case 10 (WS, spatial focus)",7,-133.091339,254.754669,-0.686695,-11250.809570
"Case 10 (WS, spatial focus)",8,-142.798996,260.329590,0.169380,2775.113770
"Case 10 (WS, spatial focus)",9,-135.409821,265.430969,0.326046,5341.937012
"Case 10 (WS, spatial focus)",10,-135.260269,258.715546,0.182141,2984.194824
"Case 10 (WS, spatial focus)",11,-128.920441,259.293579,0.161817,2651.204590
"Case 10 (WS, spatial focus)",12,-125.934837,256.955505,0.397761,6516.922852
"Case 10 (WS, spatial focus)",13,-133.251694,261.218506,0.257478,4218.521484
"Case 10 (WS, spatial focus)",14,-133.505463,255.337570,-0.578862,-9484.070312
"Case 10 (WS, spatial focus)",15,-136.598450,260.630066,0.023102,378.508972
"Case 10 (WS, spatial focus)",16,-137.727570,267.245209,0.377633,6187.144531
"Case 10 (WS, spatial focus)",17,-137.651917,263.555573,0.474350,7771.752930
"Case 10 (WS, spatial focus)",18,-128.693054,266.131165,0.223526,3662.252686
"Case 10 (WS, spatial focus)",19,-126.989655,257.718109,0.472528,7741.902344
"Case 10 (WS, spatial focus)",20,-133.505554,268.734894,0.149220,2444.824463
"Case 10 (WS, spatial focus)",21,-133.054535,254.079147,0.212638,3483.860352
"Case 10 (WS, spatial focus)",22,-135.500580,265.191528,-0.107701,-1764.574829
"Case 10 (WS, spatial focus)",23,-134.076523,266.285248,0.482563,7906.319336
"Case 10 (WS, spatial focus)",24,-133.994385,262.567200,0.580661,9513.556641
"Case 10 (WS, spatial focus)",25,-130.069107,260.650238,0.208974,3423.829102
"Case 10 (WS, spatial focus)",26,-128.533630,265.365112,0.234469,3841.538574
"Case 10 (WS, spatial focus)",27,-137.051910,267.974854,0.154050,2523.952637
"Case 10 (WS, spatial focus)",28,-136.339157,256.586609,-0.296233,-4853.475586
"Case 10 (WS, spatial focus)",29,-134.967590,263.534271,-0.204704,-3353.871582
"Case 10 (WS, spatial focus)",30,-130.773972,260.376465,0.406051,6652.742676
"Case 10 (WS, spatial focus)",31,-133.832504,254.462631,0.300559,4924.359375
"Case 10 (WS, spatial focus)",32,-132.720490,265.235291,0.241088,3949.988281
"Case 10 (WS, spatial focus)",33,-133.354813,268.857605,0.276113,4523.840820
"Case 10 (WS, spatial focus)",34,-138.715073,266.296387,0.152585,2499.951416
"Case 10 (WS, spatial focus)",35,-135.139664,258.720398,-0.282075,-4621.523438
"Case 10 (WS, spatial focus)",36,-136.539276,264.143005,-0.170702,-2796.776611
"Case 10 (WS, spatial focus)",37,-125.981621,257.464478,0.239123,3917.792969
"Case 10 (WS, spatial focus)",38,-131.047302,262.294617,0.421842,6911.463379
"Case 10 (WS, spatial focus)",39,-134.826965,270.228088,0.461479,7560.875977
"Case 10 (WS, spatial focus)",40,-134.494873,279.912079,0.291630,4778.066895
"Case 10 (WS, spatial focus)",41,-133.086929,260.247284,0.265138,4344.020508
"Case 10 (WS, spatial focus)",42,-133.730774,254.976837,0.302270,4952.385742
"Case 10 (WS, spatial focus)",43,-132.685074,254.439026,-0.127193,-2083.924561
"Case 10 (WS, spatial focus)",44,-125.919952,251.787369,0.367090,6014.400879
"Case 10 (WS, spatial focus)",45,-133.310715,262.721893,0.429469,7036.421875
"Case 10 (WS, spatial focus)",46,-135.961761,266.312225,0.362980,5947.056152
"Case 10 (WS, spatial focus)",47,-134.966141,273.703094,0.317197,5196.948242
"Case 10 (WS, spatial focus)",48,-137.051910,259.129028,0.107011,1753.262451
"Case 10 (WS, spatial focus)",49,-141.706619,257.060394,-0.240197,-3935.388916
"Case 10 (WS, spatial focus)",50,-128.410461,250.852890,-0.176433,-2890.676514
"Case 10 (WS, spatial focus)",51,-126.653084,254.744598,0.224789,3682.944336
"Case 10 (WS, spatial focus)",52,-135.190323,268.135498,0.482443,7904.353516
"Case 10 (WS, spatial focus)",53,-132.749298,270.112030,0.083729,1371.820312
"Case 10 (WS, spatial focus)",54,-134.076843,269.720490,0.323833,5305.676758
"Case 10 (WS, spatial focus)",55,-135.987396,263.243530,0.225385,3692.715332
"Case 10 (WS, spatial focus)",56,-134.497559,259.383118,-0.301748,-4943.840820
"Case 10 (WS, spatial focus)",57,-128.991287,253.963745,-0.081626,-1337.359009
"Case 10 (WS, spatial focus)",58,-130.653473,256.018463,0.117902,1931.714355
"Case 10 (WS, spatial focus)",59,-139.651764,269.856415,0.471366,7722.859375
"Case 10 (WS, spatial focus)",60,-137.651917,265.899689,0.356190,5835.820312
"Case 10 (WS, spatial focus)",61,-134.494873,275.486389,0.271414,4446.846680
"Case 10 (WS, spatial focus)",62,-129.151932,258.853577,0.345232,5656.273926
"Case 10 (WS, spatial focus)",63,-132.926483,264.409607,0.301020,4931.918457
"Case 11 (IS, spatial focus)",0,-130.865555,251.642609,-0.033456,-548.143433
"Case 11 (IS, spatial focus)",1,-139.394165,262.702698,0.244436,4004.833252
"Case 11 (IS, spatial focus)",2,-136.396790,274.064575,0.423230,6934.207520
"Case 11 (IS, spatial focus)",3,-136.728500,265.420227,0.428735,7024.393555
"Case 11 (IS, spatial focus)",4,-132.757034,271.143402,0.186533,3056.155029
"Case 11 (IS, spatial focus)",5,-126.448807,267.325073,0.251837,4126.091309
"Case 11 (IS, spatial focus)",6,-132.778564,263.720764,0.361985,5930.757324
"Case 11 (IS, spatial focus)",7,-133.091339,254.754669,-0.686695,-11250.809570
"Case 11 (IS, spatial focus)",8,-142.798996,260.329590,0.169380,2775.113770
"Case 11 (IS, spatial focus)",9,-135.409821,265.430969,0.326046,5341.937012
"Case 11 (IS, spatial focus)",10,-135.260269,258.715546,0.182141,2984.194824
"Case 11 (IS, spatial focus)",11,-128.920441,259.293579,0.161817,2651.204590
"Case 11 (IS, spatial focus)",12,-125.934837,256.955505,0.397761,6516.922852
"Case 11 (IS, spatial focus)",13,-133.251694,261.218506,0.257478,4218.521484
"Case 11 (IS, spatial focus)",14,-133.505463,255.337570,-0.578862,-9484.070312
"Case 11 (IS, spatial focus)",15,-136.598450,260.630066,0.023102,378.508972
"Case 11 (IS, spatial focus)",16,-137.727570,267.245209,0.377633,6187.144531
"Case 11 (IS, spatial focus)",17,-137.651917,263.555573,0.474350,7771.752930
"Case 11 (IS, spatial focus)",18,-128.693054,266.131165,0.223526,3662.252686
"Case 11 (IS, spatial focus)",19,-126.989655,257.718109,0.472528,7741.902344
"Case 11 (IS, spatial focus)",20,-133.505554,268.734894,0.149220,2444.824463
"Case 11 (IS, spatial focus)",21,-133.054535,254.079147,0.212638,3483.860352
"Case 11 (IS, spatial focus)",22,-135.500580,265.191528,-0.107701,-1764.574829
"Case 11 (IS, spatial focus)",23,-134.076523,266.285248,0.482563,7906.319336
"Case 11 (IS, spatial focus)",24,-133.994385,262.567200,0.580661,9513.556641
"Case 11 (IS, spatial focus)",25,-130.069107,260.650238,0.208974,3423.829102
"Case 11 (IS, spatial focus)",26,-128.533630,265.365112,0.234469,3841.538574
"Case 11 (IS, spatial focus)",27,-137.051910,267.974854,0.154050,2523.952637
"Case 11 (IS, spatial focus)",28,-136.339157,256.586609,-0.296233,-4853.475586
"Case 11 (IS, spatial focus)",29,-134.967590,263.534271,-0.204704,-3353.871582
"Case 11 (IS, spatial focus)",30,-130.773972,260.376465,0.406051,6652.742676
"Case 11 (IS, spatial focus)",31,-133.832504,254.462631,0.300559,4924.359375
"Case 11 (IS, spatial focus)",32,-132.720490,265.235291,0.241088,3949.988281
"Case 11 (IS, spatial focus)",33,-133.354813,268.857605,0.276113,4523.840820
"Case 11 (IS, spatial focus)",34,-138.715073,266.296387,0.152585,2499.951416
"Case 11 (IS, spatial focus)",35,-135.139664,258.720398,-0.282075,-4621.523438
"Case 11 (IS, spatial focus)",36,-136.539276,264.143005,-0.170702,-2796.776611
"Case 11 (IS, spatial focus)",37,-125.981621,257.464478,0.239123,3917.792969
"Case 11 (IS, spatial focus)",38,-131.047302,262.294617,0.421842,6911.463379
"Case 11 (IS, spatial focus)",39,-134.826965,270.228088,0.461479,7560.875977
"Case 11 (IS, spatial focus)",40,-134.494873,279.912079,0.291630,4778.066895
"Case 11 (IS, spatial focus)",41,-133.086929,260.247284,0.265138,4344.020508
"Case 11 (IS, spatial focus)",42,-133.730774,254.976837,0.302270,4952.385742
"Case 11 (IS, spatial focus)",43,-132.685074,254.439026,-0.127193,-2083.924561
"Case 11 (IS, spatial focus)",44,-125.919952,251.787369,0.367090,6014.400879
"Case 11 (IS, spatial focus)",45,-133.310715,262.721893,0.429469,7036.421875
"Case 11 (IS, spatial focus)",46,-135.961761,266.312225,0.362980,5947.056152
"Case 11 (IS, spatial focus)",47,-134.966141,273.703094,0.317197,5196.948242
"Case 11 (IS, spatial focus)",48,-137.051910,259.129028,0.107011,1753.262451
"Case 11 (IS, spatial focus)",49,-141.706619,257.060394,-0.240197,-3935.388916
"Case 11 (IS, spatial focus)",50,-128.410461,250.852890,-0.176433,-2890.676514
"Case 11 (IS, spatial focus)",51,-126.653084,254.744598,0.224789,3682.944336
"Case 11 (IS, spatial focus)",52,-135.190323,268.135498,0.482443,7904.353516
"Case 11 (IS, spatial focus)",53,-132.749298,270.112030,0.083729,1371.820312
"Case 11 (IS, spatial focus)",54,-134.076843,269.720490,0.323833,5305.676758
"Case 11 (IS, spatial focus)",55,-135.987396,263.243530,0.225385,3692.715332
"Case 11 (IS, spatial focus)",56,-134.497559,259.383118,-0.301748,-4943.840820
"Case 11 (IS, spatial focus)",57,-128.991287,253.963745,-0.081626,-1337.359009
"Case 11 (IS, spatial focus)",58,-130.653473,256.018463,0.117902,1931.714355
"Case 11 (IS, spatial focus)",59,-139.651764,269.856415,0.471366,7722.859375
"Case 11 (IS, spatial focus)",60,-137.651917,265.899689,0.356190,5835.820312
"Case 11 (IS, spatial focus)",61,-134.494873,275.486389,0.271414,4446.846680
"Case 11 (IS, spatial focus)",62,-129.151932,258.853577,0.345232,5656.273926
"Case 11 (IS, spatial focus)",63,-132.926483,264.409607,0.301020,4931.918457
"Case 12 (OS, spatial focus)",0,-130.865555,251.642609,-0.033456,-548.143433
"Case 12 (OS, spatial focus)",1,-139.394165,262.702698,0.244436,4004.833252
"Case 12 (OS, spatial focus)",2,-136.396790,274.064575,0.423230,6934.207520
"Case 12 (OS, spatial focus)",3,-136.728500,265.420227,0.428735,7024.393555
"Case 12 (OS, spatial focus)",4,-132.757034,271.143402,0.186533,3056.155029
"Case 12 (OS, spatial focus)",5,-126.448807,267.325073,0.251837,4126.091309
"Case 12 (OS, spatial focus)",6,-132.778564,263.720764,0.361985,5930.757324
"Case 12 (OS, spatial focus)",7,-133.091339,254.754669,-0.686695,-11250.809570
"Case 12 (OS, spatial focus)",8,-142.798996,260.329590,0.169380,2775.113770
"Case 12 (OS, spatial focus)",9,-135.409821,265.430969,0.326046,5341.937012
"Case 12 (OS, spatial focus)",10,-135.260269,258.715546,0.182141,2984.194824
"Case 12 (OS, spatial focus)",11,-128.920441,259.293579,0.161817,2651.204590
"Case 12 (OS, spatial focus)",12,-125.934837,256.955505,0.397761,6516.922852
"Case 12 (OS, spatial focus)",13,-133.251694,261.218506,0.257478,4218.521484
"Case 12 (OS, spatial focus)",14,-133.505463,255.337570,-0.578862,-9484.070312
"Case 12 (OS, spatial focus)",15,-136.598450,260.630066,0.023102,378.508972
"Case 12 (OS, spatial focus)",16,-137.727570,267.245209,0.377633,6187.144531
"Case 12 (OS, spatial focus)",17,-137.651917,263.555573,0.474350,7771.752930
"Case 12 (OS, spatial focus)",18,-128.693054,266.131165,0.223526,3662.252686
"Case 12 (OS, spatial focus)",19,-126.989655,257.718109,0.472528,7741.902344
"Case 12 (OS, spatial focus)",20,-133.505554,268.734894,0.149220,2444.824463
"Case 12 (OS, spatial focus)",21,-133.054535,254.079147,0.212638,3483.860352
"Case 12 (OS, spatial focus)",22,-135.500580,265.191528,-0.107701,-1764.574829
"Case 12 (OS, spatial focus)",23,-134.076523,266.285248,0.482563,7906.319336
"Case 12 (OS, spatial focus)",24,-133.994385,262.567200,0.580661,9513.556641
"Case 12 (OS, spatial focus)",25,-130.069107,260.650238,0.208974,3423.829102
"Case 12 (OS, spatial focus)",26,-128.533630,265.365112,0.234469,3841.538574
"Case 12 (OS, spatial focus)",27,-137.051910,267.974854,0.154050,2523.952637
"Case 12 (OS, spatial focus)",28,-136.339157,256.586609,-0.296233,-4853.475586
"Case 12 (OS, spatial focus)",29,-134.967590,263.534271,-0.204704,-3353.871582
"Case 12 (OS, spatial focus)",30,-130.773972,260.376465,0.406051,6652.742676
"Case 12 (OS, spatial focus)",31,-133.832504,254.462631,0.300559,4924.359375
"Case 12 (OS, spatial focus)",32,-132.720490,265.235291,0.241088,3949.988281
"Case 12 (OS, spatial focus)",33,-133.354813,268.857605,0.276113,4523.840820
"Case 12 (OS, spatial focus)",34,-138.715073,266.296387,0.152585,2499.951416
"Case 12 (OS, spatial focus)",35,-135.139664,258.720398,-0.282075,-4621.523438
"Case 12 (OS, spatial focus)",36,-136.539276,264.143005,-0.170702,-2796.776611
"Case 12 (OS, spatial focus)",37,-125.981621,257.464478,0.239123,3917.792969
"Case 12 (OS, spatial focus)",38,-131.047302,262.294617,0.421842,6911.463379
"Case 12 (OS, spatial focus)",39,-134.826965,270.228088,0.461479,7560.875977
"Case 12 (OS, spatial focus)",40,-134.494873,279.912079,0.291630,4778.066895
"Case 12 (OS, spatial focus)",41,-133.086929,260.247284,0.265138,4344.020508
"Case 12 (OS, spatial focus)",42,-133.730774,254.976837,0.302270,4952.385742
"Case 12 (OS, spatial focus)",43,-132.685074,254.439026,-0.127193,-2083.924561
"Case 12 (OS, spatial focus)",44,-125.919952,251.787369,0.367090,6014.400879
"Case 12 (OS, spatial focus)",45,-133.310715,262.721893,0.429469,7036.421875
"Case 12 (OS, spatial focus)",46,-135.961761,266.312225,0.362980,5947.056152
"Case 12 (OS, spatial focus)",47,-134.966141,273.703094,0.317197,5196.948242
"Case 12 (OS, spatial focus)",48,-137.051910,259.129028,0.107011,1753.262451
"Case 12 (OS, spatial focus)",49,-141.706619,257.060394,-0.240197,-3935.388916
"Case 12 (OS, spatial focus)",50,-128.410461,250.852890,-0.176433,-2890.676514
"Case 12 (OS, spatial focus)",51,-126.653084,254.744598,0.224789,3682.944336
"Case 12 (OS, spatial focus)",52,-135.190323,268.135498,0.482443,7904.353516
"Case 12 (OS, spatial focus)",53,-132.749298,270.112030,0.083729,1371.820312
"Case 12 (OS, spatial focus)",54,-134.076843,269.720490,0.323833,5305.676758
"Case 12 (OS, spatial focus)",55,-135.987396,263.243530,0.225385,3692.715332
"Case 12 (OS, spatial focus)",56,-134.497559,259.383118,-0.301748,-4943.840820
"Case 12 (OS, spatial focus)",57,-128.991287,253.963745,-0.081626,-1337.359009
"Case 12 (OS, spatial focus)",58,-130.653473,256.018463,0.117902,1931.714355
"Case 12 (OS, spatial focus)",59,-139.651764,269.856415,0.471366,7722.859375
"Case 12 (OS, spatial focus)",60,-137.651917,265.899689,0.356190,5835.820312
"Case 12 (OS, spatial focus)",61,-134.494873,275.486389,0.271414,4446.846680
"Case 12 (OS, spatial focus)",62,-129.151932,258.853577,0.345232,5656.273926
"Case 12 (OS, spatial focus)",63,-132.926483,264.409607,0.301020,4931.918457
"Case 13 (WS, channel focus)",0,-130.865555,251.642609,-0.033456,-548.143433
"Case 13 (WS, channel focus)",1,-139.394165,262.702698,0.244436,4004.833252
"Case 13 (WS, channel focus)",2,-136.396790,274.064575,0.423230,6934.207520
"Case 13 (WS, channel focus)",3,-136.728500,265.420227,0.428735,7024.393555
"Case 13 (WS, channel focus)",4,-132.757034,271.143402,0.186533,3056.155029
"Case 13 (WS, channel focus)",5,-126.448807,267.325073,0.251837,4126.091309
"Case 13 (WS, channel focus)",6,-132.778564,263.720764,0.361985,5930.757324
"Case 13 (WS, channel focus)",7,-133.091339,254.754669,-0.686695,-11250.809570
"Case 13 (WS, channel focus)",8,-142.798996,260.329590,0.169380,2775.113770
"Case 13 (WS, channel focus)",9,-135.409821,265.430969,0.326046,5341.937012
"Case 13 (WS, channel focus)",10,-135.260269,258.715546,0.182141,2984.194824
"Case 13 (WS, channel focus)",11,-128.920441,259.293579,0.161817,2651.204590
"Case 13 (WS, channel focus)",12,-125.934837,256.955505,0.397761,6516.922852
"Case 13 (WS, channel focus)",13,-133.251694,261.218506,0.257478,4218.521484
"Case 13 (WS, channel focus)",14,-133.505463,255.337570,-0.578862,-9484.070312
"Case 13 (WS, channel focus)",15,-136.598450,260.630066,0.023102,378.508972
"Case 13 (WS, channel focus)",16,-137.727570,267.245209,0.377633,6187.144531
"Case 13 (WS, channel focus)",17,-137.651917,263.555573,0.474350,7771.752930
"Case 13 (WS, channel focus)",18,-128.693054,266.131165,0.223526,3662.252686
"Case 13 (WS, channel focus)",19,-126.989655,257.718109,0.472528,7741.902344
"Case 13 (WS, channel focus)",20,-133.505554,268.734894,0.149220,2444.824463
"Case 13 (WS, channel focus)",21,-133.054535,254.079147,0.212638,3483.860352
"Case 13 (WS, channel focus)",22,-135.500580,265.191528,-0.107701,-1764.574829
"Case 13 (WS, channel focus)",23,-134.076523,266.285248,0.482563,7906.319336
"Case 13 (WS, channel focus)",24,-133.994385,262.567200,0.580661,9513.556641
"Case 13 (WS, channel focus)",25,-130.069107,260.650238,0.208974,3423.829102
"Case 13 (WS, channel focus)",26,-128.533630,265.365112,0.234469,3841.538574
"Case 13 (WS, channel focus)",27,-137.051910,267.974854,0.154050,2523.952637
"Case 13 (WS, channel focus)",28,-136.339157,256.586609,-0.296233,-4853.475586
"Case 13 (WS, channel focus)",29,-134.967590,263.534271,-0.204704,-3353.871582
"Case 13 (WS, channel focus)",30,-130.773972,260.376465,0.406051,6652.742676
"Case 13 (WS, channel focus)",31,-133.832504,254.462631,0.300559,4924.359375
"Case 13 (WS, channel focus)",32,-132.720490,265.235291,0.241088,3949.988281
"Case 13 (WS, channel focus)",33,-133.354813,268.857605,0.276113,4523.840820
"Case 13 (WS, channel focus)",34,-138.715073,266.296387,0.152585,2499.951416
"Case 13 (WS, channel focus)",35,-135.139664,258.720398,-0.282075,-4621.523438
"Case 13 (WS, channel focus)",36,-136.539276,264.143005,-0.170702,-2796.776611
"Case 13 (WS, channel focus)",37,-125.981621,257.464478,0.239123,3917.792969
"Case 13 (WS, channel focus)",38,-131.047302,262.294617,0.421842,6911.463379
"Case 13 (WS, channel focus)",39,-134.826965,270.228088,0.461479,7560.875977
"Case 13 (WS, channel focus)",40,-134.494873,279.912079,0.291630,4778.066895
"Case 13 (WS, channel focus)",41,-133.086929,260.247284,0.265138,4344.020508
"Case 13 (WS, channel focus)",42,-133.730774,254.976837,0.302270,4952.385742
"Case 13 (WS, channel focus)",43,-132.685074,254.439026,-0.127193,-2083.924561
"Case 13 (WS, channel focus)",44,-125.919952,251.787369,0.367090,6014.400879
"Case 13 (WS, channel focus)",45,-133.310715,262.721893,0.429469,7036.421875
"Case 13 (WS, channel focus)",46,-135.961761,266.312225,0.362980,5947.056152
"Case 13 (WS, channel focus)",47,-134.966141,273.703094,0.317197,5196.948242
"Case 13 (WS, channel focus)",48,-137.051910,259.129028,0.107011,1753.262451
"Case 13 (WS, channel focus)",49,-141.706619,257.060394,-0.240197,-3935.388916
"Case 13 (WS, channel focus)",50,-128.410461,250.852890,-0.176433,-2890.676514
"Case 13 (WS, channel focus)",51,-126.653084,254.744598,0.224789,3682.944336
"Case 13 (WS, channel focus)",52,-135.190323,268.135498,0.482443,7904.353516
"Case 13 (WS, channel focus)",53,-132.749298,270.112030,0.083729,1371.820312
"Case 13 (WS, channel focus)",54,-134.076843,269.720490,0.323833,5305.676758
"Case 13 (WS, channel focus)",55,-135.987396,263.243530,0.225385,3692.715332
"Case 13 (WS, channel focus)",56,-134.497559,259.383118,-0.301748,-4943.840820
"Case 13 (WS, channel focus)",57,-128.991287,253.963745,-0.081626,-1337.359009
"Case 13 (WS, channel focus)",58,-130.653473,256.018463,0.117902,1931.714355
"Case 13 (WS, channel focus)",59,-139.651764,269.856415,0.471366,7722.859375
"Case 13 (WS, channel focus)",60,-137.651917,265.899689,0.356190,5835.820312
"Case 13 (WS, channel focus)",61,-134.494873,275.486389,0.271414,4446.846680
"Case 13 (WS, channel focus)",62,-129.151932,258.853577,0.345232,5656.273926
"Case 13 (WS, channel focus)",63,-132.926483,264.409607,0.301020,4931.918457
"Case 14 (IS, channel focus)",0,-130.865555,251.642609,-0.033456,-548.143433
"Case 14 (IS, channel focus)",1,-139.394165,262.702698,0.244436,4004.833252
"Case 14 (IS, channel focus)",2,-136.396790,274.064575,0.423230,6934.207520
"Case 14 (IS, channel focus)",3,-136.728500,265.420227,0.428735,7024.393555
"Case 14 (IS, channel focus)",4,-132.757034,271.143402,0.186533,3056.155029
"Case 14 (IS, channel focus)",5,-126.448807,267.325073,0.251837,4126.091309
"Case 14 (IS, channel focus)",6,-132.778564,263.720764,0.361985,5930.757324
"Case 14 (IS, channel focus)",7,-133.091339,254.754669,-0.686695,-11250.809570
"Case 14 (IS, channel focus)",8,-142.798996,260.329590,0.169380,2775.113770
"Case 14 (IS, channel focus)",9,-135.409821,265.430969,0.326046,5341.937012
"Case 14 (IS, channel focus)",10,-135.260269,258.715546,0.182141,2984.194824
"Case 14 (IS, channel focus)",11,-128.920441,259.293579,0.161817,2651.204590
"Case 14 (IS, channel focus)",12,-125.934837,256.955505,0.397761,6516.922852
"Case 14 (IS, channel focus)",13,-133.251694,261.218506,0.257478,4218.521484
"Case 14 (IS, channel focus)",14,-133.505463,255.337570,-0.578862,-9484.070312
"Case 14 (IS, channel focus)",15,-136.598450,260.630066,0.023102,378.508972
"Case 14 (IS, channel focus)",16,-137.727570,267.245209,0.377633,6187.144531
"Case 14 (IS, channel focus)",17,-137.651917,263.555573,0.474350,7771.752930
"Case 14 (IS, channel focus)",18,-128.693054,266.131165,0.223526,3662.252686
"Case 14 (IS, channel focus)",19,-126.989655,257.718109,0.472528,7741.902344
"Case 14 (IS, channel focus)",20,-133.505554,268.734894,0.149220,2444.824463
"Case 14 (IS, channel focus)",21,-133.054535,254.079147,0.212638,3483.860352
"Case 14 (IS, channel focus)",22,-135.500580,265.191528,-0.107701,-1764.574829
"Case 14 (IS, channel focus)",23,-134.076523,266.285248,0.482563,7906.319336
"Case 14 (IS, channel focus)",24,-133.994385,262.567200,0.580661,9513.556641
"Case 14 (IS, channel focus)",25,-130.069107,260.650238,0.208974,3423.829102
"Case 14 (IS, channel focus)",26,-128.533630,265.365112,0.234469,3841.538574
"Case 14 (IS, channel focus)",27,-137.051910,267.974854,0.154050,2523.952637
"Case 14 (IS, channel focus)",28,-136.339157,256.586609,-0.296233,-4853.475586
"Case 14 (IS, channel focus)",29,-134.967590,263.534271,-0.204704,-3353.871582
"Case 14 (IS, channel focus)",30,-130.773972,260.376465,0.406051,6652.742676
"Case 14 (IS, channel focus)",31,-133.832504,254.462631,0.300559,4924.359375
"Case 14 (IS, channel focus)",32,-132.720490,265.235291,0.241088,3949.988281
"Case 14 (IS, channel focus)",33,-133.354813,268.857605,0.276113,4523.840820
"Case 14 (IS, channel focus)",34,-138.715073,266.296387,0.152585,2499.951416
"Case 14 (IS, channel focus)",35,-135.139664,258.720398,-0.282075,-4621.523438
"Case 14 (IS, channel focus)",36,-136.539276,264.143005,-0.170702,-2796.776611
"Case 14 (IS, channel focus)",37,-125.981621,257.464478,0.239123,3917.792969
"Case 14 (IS, channel focus)",38,-131.047302,262.294617,0.421842,6911.463379
"Case 14 (IS, channel focus)",39,-134.826965,270.228088,0.461479,7560.875977
"Case 14 (IS, channel focus)",40,-134.494873,279.912079,0.291630,4778.066895
"Case 14 (IS, channel focus)",41,-133.086929,260.247284,0.265138,4344.020508
"Case 14 (IS, channel focus)",42,-133.730774,254.976837,0.302270,4952.385742
"Case 14 (IS, channel focus)",43,-132.685074,254.439026,-0.127193,-2083.924561
"Case 14 (IS, channel focus)",44,-125.919952,251.787369,0.367090,6014.400879
"Case 14 (IS, channel focus)",45,-133.310715,262.721893,0.429469,7036.421875
"Case 14 (IS, channel focus)",46,-135.961761,266.312225,0.362980,5947.056152
"Case 14 (IS, channel focus)",47,-134.966141,273.703094,0.317197,5196.948242
"Case 14 (IS, channel focus)",48,-137.051910,259.129028,0.107011,1753.262451
"Case 14 (IS, channel focus)",49,-141.706619,257.060394,-0.240197,-3935.388916
"Case 14 (IS, channel focus)",50,-128.410461,250.852890,-0.176433,-2890.676514
"Case 14 (IS, channel focus)",51,-126.653084,254.744598,0.224789,3682.944336
"Case 14 (IS, channel focus)",52,-135.190323,268.135498,0.482443,7904.353516
"Case 14 (IS, channel focus)",53,-132.749298,270.112030,0.083729,1371.820312
"Case 14 (IS, channel focus)",54,-134.076843,269.720490,0.323833,5305.676758
"Case 14 (IS, channel focus)",55,-135.987396,263.243530,0.225385,3692.715332
"Case 14 (IS, channel focus)",56,-134.497559,259.383118,-0.301748,-4943.840820
"Case 14 (IS, channel focus)",57,-128.991287,253.963745,-0.081626,-1337.359009
"Case 14 (IS, channel focus)",58,-130.653473,256.018463,0.117902,1931.714355
"Case 14 (IS, channel focus)",59,-139.651764,269.856415,0.471366,7722.859375
"Case 14 (IS, channel focus)",60,-137.651917,265.899689,0.356190,5835.820312
"Case 14 (IS, channel focus)",61,-134.494873,275.486389,0.271414,4446.846680
"Case 14 (IS, channel focus)",62,-129.151932,258.853577,0.345232,5656.273926
"Case 14 (IS, channel focus)",63,-132.926483,264.409607,0.301020,4931.918457
"Case 15 (OS, channel focus)",0,-130.865555,251.642609,-0.033456,-548.143433
"Case 15 (OS, channel focus)",1,-139.394165,262.702698,0.244436,4004.833252
"Case 15 (OS, channel focus)",2,-136.396790,274.064575,0.423230,6934.207520
"Case 15 (OS, channel focus)",3,-136.728500,265.420227,0.428735,7024.393555
"Case 15 (OS, channel focus)",4,-132.757034,271.143402,0.186533,3056.155029
"Case 15 (OS, channel focus)",5,-126.448807,267.325073,0.251837,4126.091309
"Case 15 (OS, channel focus)",6,-132.778564,263.720764,0.361985,5930.757324
"Case 15 (OS, channel focus)",7,-133.091339,254.754669,-0.686695,-11250.809570
"Case 15 (OS, channel focus)",8,-142.798996,260.329590,0.169380,2775.113770
"Case 15 (OS, channel focus)",9,-135.409821,265.430969,0.326046,5341.937012
"Case 15 (OS, channel focus)",10,-135.260269,258.715546,0.182141,2984.194824
"Case 15 (OS, channel focus)",11,-128.920441,259.293579,0.161817,2651.204590
"Case 15 (OS, channel focus)",12,-125.934837,256.955505,0.397761,6516.922852
"Case 15 (OS, channel focus)",13,-133.251694,261.218506,0.257478,4218.521484
"Case 15 (OS, channel focus)",14,-133.505463,255.337570,-0.578862,-9484.070312
"Case 15 (OS, channel focus)",15,-136.598450,260.630066,0.023102,378.508972
"Case 15 (OS, channel focus)",16,-137.727570,267.245209,0.377633,6187.144531
"Case 15 (OS, channel focus)",17,-137.651917,263.555573,0.474350,7771.752930
"Case 15 (OS, channel focus)",18,-128.693054,266.131165,0.223526,3662.252686
"Case 15 (OS, channel focus)",19,-126.989655,257.718109,0.472528,7741.902344
"Case 15 (OS, channel focus)",20,-133.505554,268.734894,0.149220,2444.824463
"Case 15 (OS, channel focus)",21,-133.054535,254.079147,0.212638,3483.860352
"Case 15 (OS, channel focus)",22,-135.500580,265.191528,-0.107701,-1764.574829
"Case 15 (OS, channel focus)",23,-134.076523,266.285248,0.482563,7906.319336
"Case 15 (OS, channel focus)",24,-133.994385,262.567200,0.580661,9513.556641
"Case 15 (OS, channel focus)",25,-130.069107,260.650238,0.208974,3423.829102
"Case 15 (OS, channel focus)",26,-128.533630,265.365112,0.234469,3841.538574
"Case 15 (OS, channel focus)",27,-137.051910,267.974854,0.154050,2523.952637
"Case 15 (OS, channel focus)",28,-136.339157,256.586609,-0.296233,-4853.475586
"Case 15 (OS, channel focus)",29,-134.967590,263.534271,-0.204704,-3353.871582
"Case 15 (OS, channel focus)",30,-130.773972,260.376465,0.406051,6652.742676
"Case 15 (OS, channel focus)",31,-133.832504,254.462631,0.300559,4924.359375
"Case 15 (OS, channel focus)",32,-132.720490,265.235291,0.241088,3949.988281
"Case 15 (OS, channel focus)",33,-133.354813,268.857605,0.276113,4523.840820
"Case 15 (OS, channel focus)",34,-138.715073,266.296387,0.152585,2499.951416
"Case 15 (OS, channel focus)",35,-135.139664,258.720398,-0.282075,-4621.523438
"Case 15 (OS, channel focus)",36,-136.539276,264.143005,-0.170702,-2796.776611
"Case 15 (OS, channel focus)",37,-125.981621,257.464478,0.239123,3917.792969
"Case 15 (OS, channel focus)",38,-131.047302,262.294617,0.421842,6911.463379
"Case 15 (OS, channel focus)",39,-134.826965,270.228088,0.461479,7560.875977
"Case 15 (OS, channel focus)",40,-134.494873,279.912079,0.291630,4778.066895
"Case 15 (OS, channel focus)",41,-133.086929,260.247284,0.265138,4344.020508
"Case 15 (OS, channel focus)",42,-133.730774,254.976837,0.302270,4952.385742
"Case 15 (OS, channel focus)",43,-132.685074,254.439026,-0.127193,-2083.924561
"Case 15 (OS, channel focus)",44,-125.919952,251.787369,0.367090,6014.400879
"Case 15 (OS, channel focus)",45,-133.310715,262.721893,0.429469,7036.421875
"Case 15 (OS, channel focus)",46,-135.961761,266.312225,0.362980,5947.056152
"Case 15 (OS, channel focus)",47,-134.966141,273.703094,0.317197,5196.948242
"Case 15 (OS, channel focus)",48,-137.051910,259.129028,0.107011,1753.262451
"Case 15 (OS, channel focus)",49,-141.706619,257.060394,-0.240197,-3935.388916
"Case 15 (OS, channel focus)",50,-128.410461,250.852890,-0.176433,-2890.676514
"Case 15 (OS, channel focus)",51,-126.653084,254.744598,0.224789,3682.944336
"Case 15 (OS, channel focus)",52,-135.190323,268.135498,0.482443,7904.353516
"Case 15 (OS, channel focus)",53,-132.749298,270.112030,0.083729,1371.820312
"Case 15 (OS, channel focus)",54,-134.076843,269.720490,0.323833,5305.676758
"Case 15 (OS, channel focus)",55,-135.987396,263.243530,0.225385,3692.715332
"Case 15 (OS, channel focus)",56,-134.497559,259.383118,-0.301748,-4943.840820
"Case 15 (OS, channel focus)",57,-128.991287,253.963745,-0.081626,-1337.359009
"Case 15 (OS, channel focus)",58,-130.653473,256.018463,0.117902,1931.714355
"Case 15 (OS, channel focus)",59,-139.651764,269.856415,0.471366,7722.859375
"Case 15 (OS, channel focus)",60,-137.651917,265.899689,0.356190,5835.820312
"Case 15 (OS, channel focus)",61,-134.494873,275.486389,0.271414,4446.846680
"Case 15 (OS, channel focus)",62,-129.151932,258.853577,0.345232,5656.273926
"Case 15 (OS, channel focus)",63,-132.926483,264.409607,0.301020,4931.918457
